[{
  "id": 1,
  "name": "Alyce Haisell",
  "address": "Thakhèk"
}, {
  "id": 2,
  "name": "Wyn Robardey",
  "address": "Hendījān"
}, {
  "id": 3,
  "name": "Iorgos Hue",
  "address": "Qingfa"
}, {
  "id": 4,
  "name": "Hattie Dake",
  "address": "Corpus"
}, {
  "id": 5,
  "name": "Leanora Warke",
  "address": "Malec"
}, {
  "id": 6,
  "name": "Issie Brum",
  "address": "Selorejo"
}, {
  "id": 7,
  "name": "Sammy Riteley",
  "address": "Krajan"
}, {
  "id": 8,
  "name": "Kassie Serridge",
  "address": "Lushnjë"
}, {
  "id": 9,
  "name": "Thorsten Beckensall",
  "address": "Lom Kao"
}, {
  "id": 10,
  "name": "Tabina Kubat",
  "address": "Sembakung"
}]
